tag,quantity,value,unit,note
G1,Wheel diameter (20 x 2.125 tyre),514.000,mm,
G2,Pole centres the clamps reach,450 to 600,mm,
G3,Pole diameters the clamps close on,40 to 80,mm,
G4,Tyre contact below the pole centres (60 mm pole),720.000,mm,
G5,"Width over clamps, reference doli (550 mm centres)",680.000,mm,
G6,Largest pole centres for a width of 700 mm,570.000,mm,
G7,Spigot inside its stub at 600 mm centres,77.500,mm,
K1,"Mass, fork unit",2.653,kg,
K2,"Mass, side arms",3.273,kg,
K3,"Mass, upper jaws",0.599,kg,
K4,"Mass, jaw liners",0.212,kg,
K5,"Mass, t-handle bolts and set screws",1.054,kg,
K6,"Mass, wheel",2.600,kg,
K7,"Mass, disc brake set",0.810,kg,
K8,"Mass, lever mount",0.367,kg,
K9,"Mass, bearer harnesses",1.500,kg,
K10,"Mass, straps, bag, card, ties, pump and puncture kit",1.760,kg,
K11,"Kit mass, everything in the bag",14.827,kg,
K12,"Kit mass fitted to the doli (frame, wheel, brake, straps)",12.317,kg,
K13,"Of which steel frame, wheel, brake and pump (the heavy bag)",11.917,kg,
L1,"Rolling weight: rated patient, doli and fitted kit",142.317,kg,
L2,Bearer loops ahead of and behind the wheel,1330 and 1080,mm,
L3,"Carrying today: load per bearer, two bearers (four bearers)",65.0 (32.5),kg,
L4,Level trail: pitch balance on the heavier end (100 mm placement error),13.177,kg,
L5,Level trail: average load per bearer with steadying allowance,13.705,kg,
L6,Reduction against carrying with two bearers (R4),78.916,%,
L7,"30 % descent, brake on: downhill (front) bearer load",45.506,kg,estimate
L8,"Level trail: pull to keep rolling, shared by two bearers",55.845,N each,estimate
L9,15 % side slope: roll moment held by the bearers,169.824,N m,
L10,15 % side slope: up and down force at each bearer's hands,154.385,N,about 16 kg
B1,"Along-slope force on a 30 % grade, rated load",401.174,N,
B2,Brake torque needed at the wheel,103.102,N m,
B3,"Brake torque available, wet sintered pads, 203 mm rotor, lever locked",126.700,N m,
B4,Brake factor (available / needed),1.229,,
B5,Wheel load normal to the slope (bearer share taken off),960.636,N,
B6,Tyre grip factor on wet clay or mud (mu 0.35),0.838,,
B7,Tyre grip factor on a wet test ramp (mu 0.60),1.437,,
B8,"Shortfall on wet mud, to be held back by the uphill bearer",6.621,kg-force,
C1,Slip resistance of one clamp along the pole (wet),1979.899,N,
C2,Slip resistance of the two clamps on one pole,3959.798,N,
C3,"Clamp factor against the 1.5 kN pull of R1, one pole",2.640,,
C4,Bamboo crush factor at the clamp force,2.000,,to confirm on real poles
C5,"Vertical load on each saddle, rated load",318.825,N,
C6,Braking pull per clamp on a 30 % grade,100.294,N,
S1,"Strut axial load, twice the rated load",2509.012,N,
S2,"Strut stress, twice the rated load with the side load",104.128,MPa,
S3,Strut factor on yield at twice the rated load,2.017,,
S4,Strut buckling factor at twice the rated load,30.882,,
S5,"Stub bending stress at the strut, twice the rated load",68.601,MPa,
S6,"Spigot bending stress at the stub end, twice the rated load",66.756,MPa,
S7,Lowest structural factor on yield at twice the rated load,2.017,,
S8,"Clamp bolt tension, each (two per clamp)",1000.000,N,M8 class 4.6 proof load about 8.4 kN
S9,Wheel: seller's rating / twice the wheel load,0.703,,
S10,Tyre: rating / twice the wheel load,0.527,,
S11,Tyre: rating / the rated wheel load,1.054,,
W1,"Overall width with wheel, reference doli (R6)",680.000,mm,
H1,Rise of the poles at the wheel to clear a 400 mm step,450.000,mm,
H2,Pole height while the wheel clears the step,1170.000,mm,
H3,"Lift per bearer, two bearers",71.158,kg,
H4,"Lift per bearer, four bearers",35.579,kg,
T1,"Fitting time, two people (estimate)",4.667,min,
Q1,Estimated cost of the constructable design,455.000,USD,
Q2,"Against the value-engineering target of USD 1,500",-1045.000,USD,negative = under
Q3,Cross strap above the tyre,174.000,mm,
