line,item,qty,spec,supplier,unit_cost_usd,make_buy,notes
1,Fork unit,1,"Welded steel: two 30 x 30 x 2 mm square tube stubs 320 mm long; four 22.2 x 1.6 mm round tube struts about 380 mm long; two 5 mm dropout plates with 10 mm slots open downward, the left one with the brake caliper lobe; four M8 nuts welded over 9 mm holes for the set screws; primed and painted",Local fabrication or cycle-rickshaw workshop,62.00,Make,"Steel about USD 12, cutting, jig welding and paint about USD 50. IS 1161 YSt 210 tube or equal"
2,Side arm,4,"25 x 25 x 1.6 mm square tube spigot 230 mm long with a 145 mm post welded on top at its outer end; 60 x 130 x 4 mm saddle plate with a 3 mm steel V (90 deg, 60 mm wide inside); two M8 nuts welded under the plate ears at 52 mm either side of the V",Local fabrication,15.00,Make,Same jig for all four; arms are handed only by the side the post faces
3,Upper jaw,4,"3 mm steel strip 40 mm wide bent to a 90 deg inverted V with two flat ears, 130 mm overall; two 9 mm holes at 104 mm centres",Local fabrication,4.00,Make,Bent in a vice over a 90 deg former
4,Jaw liner,8,"5 mm rubber sheet (or cut truck inner tube, three layers) 60 x 66 mm for the saddles and 40 x 70 mm for the jaws, bent into the V and glued with contact adhesive",Tyre shop or rubber supplier,1.50,Make,Replace when worn through or loose
5,T-handle bolt and set screw,12,"Eight M8 x 130 mm T-handle clamp bolts with 25 mm washers (close the clamps); four M8 x 40 mm T-handle set screws (lock the arms in the stubs); zinc plated",Fastener or machinery supplier,3.00,Buy,No loose tools needed to fit the kit
6,Wheel,1,"20 inch (ISO 406) cargo or tricycle wheel: double-wall rim, 36 spokes of 2.0 mm or heavier, steel front disc hub 100 mm over the locknuts with a solid 3/8 inch axle and nuts (not quick release); 20 x 2.125 (57-406) knobbly tyre and tube; wheel rated 200 kg and tyre 150 kg or more by the seller",Bicycle or cycle-rickshaw parts dealer,55.00,Buy,Rating to confirm when bought (DLT-DEC-001)
7,Disc brake set,1,"Cable-operated disc caliper with sintered pads and a post-mount adapter; 203 mm rotor with six bolts; brake lever for a 22.2 mm bar with a parking lock; 2.2 m of cable and housing",Bicycle parts dealer,45.00,Buy,Parking lock holds the lever on; adapter matched to the caliper lobe on the fork unit
8,Lever mount,1,"22.2 x 1.6 mm tube stub 110 mm long welded on a 3 mm steel inverted V 80 mm long; 5 mm rubber liner; two 25 mm webbing straps with cam buckles round the pole",Local fabrication and tailor,14.00,Make,Fits poles of 40 to 80 mm; sits on top of the front right pole
9,Cross strap,1,"50 mm polyester webbing, 1.6 m, with a 50 mm steel cam buckle; ends heat sealed",Webbing or tailoring supplier,8.00,Buy,Round both poles above the wheel and under the bed
10,Patient strap,3,"50 mm polyester webbing, 1.8 m, with a 50 mm cam buckle and a red pull tab that frees it with one pull",Webbing or tailoring supplier,9.00,Buy,"Chest, hips and legs"
11,Bearer harness,2,"Sewn by a tailor: 50 mm webbing hip belt with a 25 mm foam pad, two padded shoulder straps and a chest strap, two adjustable slings ending in pole loops 110 mm across, four cam buckles",Local tailor,35.00,Make,One for the front bearer and one for the rear
12,Wheel bag,1,"Heavy canvas wheel bag about 700 x 340 x 560 mm with padded shoulder straps; takes the fork unit with the wheel and brake fitted, the lift handles and the pump kit (about 7.2 kg packed)",Local tailor or market,25.00,Buy,"First of two bags (decision 8A). The wheel stays in the fork unit for carrying, which protects the spokes"
13,Fitting card,1,"A4 card printed both sides with the fitting pictograms and the safety stops, laminated",Local printer,3.00,Buy,Kept in the bag pocket
14,Hook-and-loop cable ties,8,"20 mm hook-and-loop ties, 200 mm long, to hold the brake housing to the frame and pole",Market,0.50,Buy,Reusable
15,Pump and puncture kit,1,"Mini hand pump with a Schrader head, two tyre levers, patches and glue, spare 20 inch tube",Bicycle parts dealer,18.00,Buy,Kept with the kit
16,Hold-back strap,1,"Sewn by a tailor: two closed end caps of 50 mm polyester webbing, 40 mm deep, that slip over the rear pole ends (40 to 80 mm poles, cinched by a 25 mm cam strap); two 25 mm webbing legs about 420 mm long to a 40 mm steel ring; a 600 mm tail with a cam buckle that clips to the rear bearer's hip belt",Local tailor,6.00,Make,"Decision 7A. Price basis: about 2.5 m of webbing at USD 0.80 a metre, ring and buckle USD 2, sewing USD 2"
17,Lift handle,2,"50 mm polyester webbing band sewn shut round a cross stub (front stub left of centre, rear stub right), with a 130 mm hand loop and a 25 mm foam grip sleeve 60 mm long",Local tailor,3.00,Make,"Decision 9A; stays on the fork unit. Price basis: 0.5 m of webbing USD 0.40, foam tube USD 0.60, sewing USD 2"
18,Parts bag,1,"Canvas backpack about 45 L with padded straps and a pocket for the fitting card; takes the side arms, jaws, bolts, lever mount, straps, harnesses and hold-back strap (about 8.3 kg packed)",Local tailor or market,15.00,Buy,"Second of two bags (decision 8A). Price basis: market canvas backpack USD 12 to 18"
